run_id,scenario_name,software_version,seed,log_path,max_time_s,gps_period_s,gps_noise_std_m,waypoint_tolerance_m,slip_start_s,slip_end_s,left_wheel_traction,mission_success,waypoints_reached,duration_s,completion_time_s,telemetry_samples,localization_rmse_m,localization_max_error_m,detector_alerts,detector_false_positives,detection_latency_s,log_sequence_gaps,path_length_m,path_efficiency,cross_track_rmse_m,cross_track_max_error_m
17fa15d4-27f9-471e-88bb-414edc1f9121,nominal,v1,0,artifacts/runs/nominal/v1_seed_0.jsonl,38.0,0.5,0.06,0.22,100.0,101.9,1.0,True,3,9.3,9.3,93,0.0,0.0,0,0,,0,5.79405255202485,1.0,0.0,0.0
8bdd8c08-2912-4979-853d-a51181174a94,nominal,v2,0,artifacts/runs/nominal/v2_seed_0.jsonl,38.0,0.5,0.06,0.22,100.0,101.9,1.0,True,3,9.6,9.6,96,0.0672900309798654,0.1745796323635744,0,0,,0,5.851728593347888,0.9955139990510052,0.056512403183190583,0.12702818832535753
6c1f2f50-3baa-4254-a724-e43b69612951,nominal,v1,1,artifacts/runs/nominal/v1_seed_1.jsonl,38.0,0.5,0.06,0.22,100.0,101.9,1.0,True,3,9.3,9.3,93,0.0,0.0,0,0,,0,5.79405255202485,1.0,0.0,0.0
930485d4-f9d6-4265-9365-9f7ac010fee6,nominal,v2,1,artifacts/runs/nominal/v2_seed_1.jsonl,38.0,0.5,0.06,0.22,100.0,101.9,1.0,True,3,9.8,9.8,98,0.06467230748695138,0.13195357745157993,0,0,,0,5.907481466237401,0.9834633708992618,0.08283571297404704,0.1369858500342318
ca9d637b-c9a9-4ec5-abb7-fbca344b925f,nominal,v1,2,artifacts/runs/nominal/v1_seed_2.jsonl,38.0,0.5,0.06,0.22,100.0,101.9,1.0,True,3,9.3,9.3,93,0.0,0.0,0,0,,0,5.79405255202485,1.0,0.0,0.0
d7d5e3c3-582a-4d8a-9b98-710590e60118,nominal,v2,2,artifacts/runs/nominal/v2_seed_2.jsonl,38.0,0.5,0.06,0.22,100.0,101.9,1.0,True,3,9.1,9.1,91,0.06785153551222749,0.15616771902344465,0,0,,0,5.854678059100788,0.9912042691609462,0.06254977672841423,0.15321177011840686
1020091d-3b50-4151-a34a-68c5e05b5a16,nominal,v1,3,artifacts/runs/nominal/v1_seed_3.jsonl,38.0,0.5,0.06,0.22,100.0,101.9,1.0,True,3,9.3,9.3,93,0.0,0.0,0,0,,0,5.79405255202485,1.0,0.0,0.0
03d9027b-692d-418c-a20a-648883f5443e,nominal,v2,3,artifacts/runs/nominal/v2_seed_3.jsonl,38.0,0.5,0.06,0.22,100.0,101.9,1.0,True,3,9.4,9.4,94,0.08023376872827834,0.1467391239540078,0,0,,0,5.896640796774938,0.9810185356004616,0.11425749464369477,0.188249320680722
b7790f9a-cd14-404b-bb49-698f0adf79dc,nominal,v1,4,artifacts/runs/nominal/v1_seed_4.jsonl,38.0,0.5,0.06,0.22,100.0,101.9,1.0,True,3,9.3,9.3,93,0.0,0.0,0,0,,0,5.79405255202485,1.0,0.0,0.0
0f6d8ee9-11f7-4ced-930e-abc21722d25b,nominal,v2,4,artifacts/runs/nominal/v2_seed_4.jsonl,38.0,0.5,0.06,0.22,100.0,101.9,1.0,True,3,9.4,9.4,94,0.05583897121283298,0.17172900250784645,0,0,,0,5.827928436080036,0.9933132572411881,0.07925838480939108,0.1972801825073699
9f41fbb7-31c4-41bf-98f9-3a669fe8f0d6,mild_slip,v1,0,artifacts/runs/mild_slip/v1_seed_0.jsonl,38.0,0.5,0.06,0.22,5.0,9.0,0.65,False,2,38.0,,380,2.058538822092821,2.364971915804991,1,0,3.0,0,5.629740166492343,,1.430315591672342,1.6405261026004492
cc1103b9-2c46-4005-a681-64f1101155ae,mild_slip,v2,0,artifacts/runs/mild_slip/v2_seed_0.jsonl,38.0,0.5,0.06,0.22,5.0,9.0,0.65,True,3,11.8,11.8,118,0.11454585487319315,0.3592287680820446,1,0,3.0,0,6.535332834914296,0.9108373284533413,0.36395260767245635,0.8692909058490834
30ea0723-5c0a-400d-b183-68bddf99cb24,mild_slip,v1,1,artifacts/runs/mild_slip/v1_seed_1.jsonl,38.0,0.5,0.06,0.22,5.0,9.0,0.65,False,2,38.0,,380,2.058538822092821,2.364971915804991,1,0,2.5,0,5.629740166492343,,1.430315591672342,1.6405261026004492
e239e989-a502-416d-8fb9-ef7db2a918a3,mild_slip,v2,1,artifacts/runs/mild_slip/v2_seed_1.jsonl,38.0,0.5,0.06,0.22,5.0,9.0,0.65,True,3,11.9,11.9,119,0.13126214158279603,0.48118709916836566,1,0,4.0,0,6.437076902057434,0.9104926043863409,0.30654842747984157,0.7638895895338751
1d0e11b8-6ccb-4547-ad2e-b1254134d1fd,mild_slip,v1,2,artifacts/runs/mild_slip/v1_seed_2.jsonl,38.0,0.5,0.06,0.22,5.0,9.0,0.65,False,2,38.0,,380,2.058538822092821,2.364971915804991,1,0,2.5,0,5.629740166492343,,1.430315591672342,1.6405261026004492
cab76d13-d630-4148-a5be-754ad2507abe,mild_slip,v2,2,artifacts/runs/mild_slip/v2_seed_2.jsonl,38.0,0.5,0.06,0.22,5.0,9.0,0.65,True,3,12.0,12.0,120,0.13235358320708301,0.41453321983918634,1,0,3.5,0,6.885379243018334,0.8664557560693991,0.46364435657373804,1.0463772941815377
2bbb540b-384b-4350-b7da-b2c2c607d8be,mild_slip,v1,3,artifacts/runs/mild_slip/v1_seed_3.jsonl,38.0,0.5,0.06,0.22,5.0,9.0,0.65,False,2,38.0,,380,2.058538822092821,2.364971915804991,1,0,2.5,0,5.629740166492343,,1.430315591672342,1.6405261026004492
716fc5e0-c06f-4ba9-9c6f-daea0bc0e064,mild_slip,v2,3,artifacts/runs/mild_slip/v2_seed_3.jsonl,38.0,0.5,0.06,0.22,5.0,9.0,0.65,True,3,12.1,12.1,121,0.1475527121485729,0.5350720444406218,1,0,3.0,0,6.547673515028083,0.8980191618332398,0.37095944434096295,0.8912888784460602
6a3c2291-cc50-4c5d-9ecf-c3b143534db1,mild_slip,v1,4,artifacts/runs/mild_slip/v1_seed_4.jsonl,38.0,0.5,0.06,0.22,5.0,9.0,0.65,False,2,38.0,,380,2.058538822092821,2.364971915804991,1,0,2.5,0,5.629740166492343,,1.430315591672342,1.6405261026004492
24a8cced-1946-44bc-96bc-f7ed63d4b83e,mild_slip,v2,4,artifacts/runs/mild_slip/v2_seed_4.jsonl,38.0,0.5,0.06,0.22,5.0,9.0,0.65,True,3,11.6,11.6,116,0.1270072682923109,0.40739635797810997,1,0,3.0,0,6.576572618096098,0.8978363304942437,0.3911185791222645,0.897163954153551
4e572310-5b7f-4580-ad07-bd872c725e93,severe_slip,v1,0,artifacts/runs/severe_slip/v1_seed_0.jsonl,38.0,0.5,0.06,0.22,5.0,9.0,0.1,False,1,38.0,,380,0.3488231586024595,0.38535732118297955,1,0,1.5,0,3.742572759808853,,0.16427322762483904,0.1825647083510266
846a26b9-1a65-4bb6-9217-3f8300745d3a,severe_slip,v2,0,artifacts/runs/severe_slip/v2_seed_0.jsonl,38.0,0.5,0.06,0.22,5.0,9.0,0.1,True,3,17.0,17.0,170,0.15423807201489173,0.47612348973737967,1,0,2.5,0,7.878974857186729,0.7347960819393135,0.1974350346441428,0.4642525571288724
e5dbd8e8-6959-4ea6-8525-5102ad7e3b80,severe_slip,v1,1,artifacts/runs/severe_slip/v1_seed_1.jsonl,38.0,0.5,0.06,0.22,5.0,9.0,0.1,False,1,38.0,,380,0.3488231586024595,0.38535732118297955,1,0,2.5,0,3.742572759808853,,0.16427322762483904,0.1825647083510266
c9b6c882-0f3c-4192-a7ed-88046165684a,severe_slip,v2,1,artifacts/runs/severe_slip/v2_seed_1.jsonl,38.0,0.5,0.06,0.22,5.0,9.0,0.1,True,3,15.9,15.9,159,0.1779638960351853,0.5371488550777718,1,0,2.0,0,7.554105226807591,0.7667223846492462,0.18519178719821425,0.45090121996939436
188d5c1c-cc5f-470b-a5ab-e56a5d76d6c2,severe_slip,v1,2,artifacts/runs/severe_slip/v1_seed_2.jsonl,38.0,0.5,0.06,0.22,5.0,9.0,0.1,False,1,38.0,,380,0.3488231586024595,0.38535732118297955,1,0,2.0,0,3.742572759808853,,0.16427322762483904,0.1825647083510266
36bb9fa6-14d8-4071-b08b-34ce08c48a52,severe_slip,v2,2,artifacts/runs/severe_slip/v2_seed_2.jsonl,38.0,0.5,0.06,0.22,5.0,9.0,0.1,True,3,16.9,16.9,169,0.10402918073940193,0.277483640943842,1,0,3.5,0,6.760490673331374,0.8573401557842802,0.209404093078582,0.5284399161940486
a9d9b13b-34d0-4d28-877f-1bf3efbbe953,severe_slip,v1,3,artifacts/runs/severe_slip/v1_seed_3.jsonl,38.0,0.5,0.06,0.22,5.0,9.0,0.1,False,1,38.0,,380,0.3488231586024595,0.38535732118297955,1,0,2.0,0,3.742572759808853,,0.16427322762483904,0.1825647083510266
689aface-adbf-40fa-b633-11bfc6a9ad94,severe_slip,v2,3,artifacts/runs/severe_slip/v2_seed_3.jsonl,38.0,0.5,0.06,0.22,5.0,9.0,0.1,True,3,16.9,16.9,169,0.18381950233851807,0.5556810066963406,1,0,2.5,0,7.94687521202084,0.7296624715452126,0.30668649343938104,0.6974510601420543
0030f54e-75b0-4580-9a4e-2396bd460f2c,severe_slip,v1,4,artifacts/runs/severe_slip/v1_seed_4.jsonl,38.0,0.5,0.06,0.22,5.0,9.0,0.1,False,1,38.0,,380,0.3488231586024595,0.38535732118297955,1,0,2.0,0,3.742572759808853,,0.16427322762483904,0.1825647083510266
2a040209-8a2f-45cc-9f4d-8717bfebb67a,severe_slip,v2,4,artifacts/runs/severe_slip/v2_seed_4.jsonl,38.0,0.5,0.06,0.22,5.0,9.0,0.1,True,3,16.8,16.8,168,0.15533412600960053,0.5370150906196334,2,0,2.0,0,7.763281178874682,0.7488470113140081,0.34107820138806944,0.8435930662329295
d8ab90e0-eecf-42e0-b06f-4fc31731d834,noisy_gps,v1,0,artifacts/runs/noisy_gps/v1_seed_0.jsonl,38.0,0.5,0.12,0.22,100.0,101.9,1.0,True,3,9.3,9.3,93,0.0,0.0,2,2,,0,5.79405255202485,1.0,0.0,0.0
13e7d295-04a7-415d-b0fe-aa41782d1d59,noisy_gps,v2,0,artifacts/runs/noisy_gps/v2_seed_0.jsonl,38.0,0.5,0.12,0.22,100.0,101.9,1.0,True,3,11.4,11.4,114,0.1478842190947454,0.35643455787854894,4,4,,0,6.279785200584804,0.9306528782487182,0.1756545275148649,0.38160948059972216
f5f045d2-af16-4f46-9197-d836ab0436d5,noisy_gps,v1,1,artifacts/runs/noisy_gps/v1_seed_1.jsonl,38.0,0.5,0.12,0.22,100.0,101.9,1.0,True,3,9.3,9.3,93,0.0,0.0,0,0,,0,5.79405255202485,1.0,0.0,0.0
d2f29c7f-7c13-458c-bc19-5ba9ba2481cd,noisy_gps,v2,1,artifacts/runs/noisy_gps/v2_seed_1.jsonl,38.0,0.5,0.12,0.22,100.0,101.9,1.0,True,3,11.9,11.9,119,0.14089528977293467,0.31367099433025236,3,3,,0,6.3706618519636,0.9269491598534122,0.1683456677336788,0.36057921019879907
1e3bc3ce-3e9c-4a4d-a7d2-a0b3e3d886d3,noisy_gps,v1,2,artifacts/runs/noisy_gps/v1_seed_2.jsonl,38.0,0.5,0.12,0.22,100.0,101.9,1.0,True,3,9.3,9.3,93,0.0,0.0,2,2,,0,5.79405255202485,1.0,0.0,0.0
2bf9ceed-294f-4338-8a02-094895a370e1,noisy_gps,v2,2,artifacts/runs/noisy_gps/v2_seed_2.jsonl,38.0,0.5,0.12,0.22,100.0,101.9,1.0,True,3,9.3,9.3,93,0.1429642483131874,0.37842734316315174,1,1,,0,6.095433370744012,0.9507127042750686,0.18840047883298697,0.3680866176274229
80eb8a63-2028-49da-bf2c-065d2ba0821f,noisy_gps,v1,3,artifacts/runs/noisy_gps/v1_seed_3.jsonl,38.0,0.5,0.12,0.22,100.0,101.9,1.0,True,3,9.3,9.3,93,0.0,0.0,2,2,,0,5.79405255202485,1.0,0.0,0.0
fc2d6ecc-42ab-49bd-822e-c86cc2dcf28e,noisy_gps,v2,3,artifacts/runs/noisy_gps/v2_seed_3.jsonl,38.0,0.5,0.12,0.22,100.0,101.9,1.0,True,3,10.0,10.0,100,0.1417646543232481,0.28134348233837436,3,3,,0,5.94099563032802,0.9795897961559056,0.09744219117188395,0.1747204707467581
ad054f35-36a9-477b-bd9e-ca7374aa5bf7,noisy_gps,v1,4,artifacts/runs/noisy_gps/v1_seed_4.jsonl,38.0,0.5,0.12,0.22,100.0,101.9,1.0,True,3,9.3,9.3,93,0.0,0.0,0,0,,0,5.79405255202485,1.0,0.0,0.0
419e855a-dd3b-4eb5-99c7-38f945bfc4a0,noisy_gps,v2,4,artifacts/runs/noisy_gps/v2_seed_4.jsonl,38.0,0.5,0.12,0.22,100.0,101.9,1.0,True,3,9.9,9.9,99,0.11353406031137696,0.36338818950952423,1,1,,0,5.972774838048899,0.9694778986615816,0.18701995579367625,0.4644940828566343
